member_id,monthly_income,monthly_expense,credit_outstanding,loan_repayment_rate,savings
1,14382,11541,9941,0.53,952
2,13822,11066,12380,0.78,7037
3,5563,3952,19889,0.8,1881
4,6292,4975,11667,0.94,8654
5,6586,4287,4529,0.79,1967
6,7431,4971,17519,0.67,3238
7,9841,6904,12192,0.9,8072
8,9643,6771,8566,0.77,9908
9,14139,12751,7226,0.54,7247
10,6959,4604,5162,0.78,1380
11,14005,12325,16590,0.95,3649
12,13775,12608,1319,0.7,8776
13,3161,2029,1141,0.65,8392
14,3593,1451,4627,0.57,4644
15,14451,13815,14501,0.58,1668
16,14154,11708,2690,0.72,3629
17,6390,4193,7323,0.8,4145
18,8997,8070,3255,0.54,3026
19,9354,7379,5213,0.97,4016
20,3663,2345,4108,0.88,3867
21,12324,9636,19404,0.79,7838
22,3541,1935,18241,0.91,4055
23,8433,5709,19173,0.54,5611
24,8093,7396,9802,0.74,7252
25,14166,11671,11413,0.82,945
26,3867,919,14995,0.91,6864
27,13258,12288,12583,0.89,4126
28,11623,8858,5021,0.64,4516
29,8469,6021,18771,0.97,4375
30,9256,7828,6582,0.56,5997
31,12398,9888,13455,0.94,6738
32,13720,12315,13117,0.99,761
33,4169,1447,18950,0.59,5492
34,3830,3308,17359,0.86,4525
35,4651,3917,1262,0.52,8783
36,4136,2512,7382,0.7,4722
37,5810,4382,3327,0.76,4675
38,11667,10645,18643,0.79,9674
39,14002,11694,10020,0.97,3943
40,12518,11588,17641,0.84,5511
41,4019,2727,16848,0.74,1193
42,8237,6108,14062,0.9,8847
43,13028,10792,19678,0.98,2312
44,13640,12608,6774,0.51,6224
45,4283,2037,15160,0.99,1907
46,3659,1484,1230,0.54,8532
47,5010,3194,9076,0.91,9908
48,11590,10178,3805,0.64,1910
49,4733,3109,14715,0.57,3997
50,5125,3100,5750,0.72,4872
51,5171,3344,15627,0.82,7894
52,11266,9743,13232,0.69,1051
53,6471,4395,3135,0.53,9868
54,12028,10150,6953,0.8,4832
55,8624,6605,1546,0.95,1497
56,11691,9510,15457,0.69,4576
57,11329,8832,17478,0.61,6599
58,5097,4371,2411,0.72,6055
59,8068,6309,19001,0.52,4552
60,14888,13516,14113,0.91,5803
61,13077,11686,4145,0.91,8618
62,9397,7419,2775,0.79,6602
63,5757,4221,13193,0.68,5990
64,6920,4163,12851,0.9,9064
65,11186,10290,13070,0.78,6116
66,4900,3277,19539,0.91,2748
67,5610,3032,3970,0.82,1348
68,9900,8752,14119,0.89,6854
69,4449,3621,4331,0.8,9195
70,11738,9756,10295,0.71,8570
71,8017,6566,1942,0.98,9394
72,10999,8494,16575,0.77,4125
73,9052,6536,13404,0.8,814
74,13195,10817,861,0.61,2876
75,5096,3400,9275,0.81,9732
76,11895,9623,17033,0.79,4878
77,9404,8743,4134,0.59,8949
78,13595,11344,11803,0.53,1074
79,12817,11542,15408,0.8,6085
80,6331,4004,17420,0.88,5992
81,10462,7641,16351,0.76,9449
82,8105,6554,4131,0.61,3310
83,5978,3105,18532,0.83,8634
84,5839,4400,12057,0.54,9796
85,6384,5345,11349,0.72,6170
86,13851,12530,11486,0.58,8215
87,13053,11092,5457,0.59,7067
88,14048,12460,6079,0.6,3959
89,3685,2830,12453,0.69,6617
90,10531,9797,18814,0.53,4492
91,7283,4509,18263,0.7,8337
92,10736,8688,12158,0.76,703
93,10710,8114,15735,0.74,3275
94,4619,4002,15830,0.69,2492
95,9868,7267,15125,0.92,2743
96,4431,2258,11905,0.57,8998
97,12067,10500,12298,0.75,2187
98,7713,5113,2011,0.53,4609
99,13653,12596,3373,0.54,2360
100,12557,10242,10335,0.79,5676
101,12435,9930,10692,0.78,1222
102,7998,7101,14527,0.94,9471
103,3162,1988,12773,0.78,9220
104,4974,4088,1289,0.98,5393
105,6291,3633,1447,0.52,843
106,11461,8897,19583,0.55,5898
107,3631,2248,19567,0.52,8900
108,3905,2865,14139,0.59,5236
109,14663,13993,13757,0.77,3906
110,14445,11489,5462,0.82,1419
111,5014,3775,19600,0.52,6319
112,12833,10932,19520,0.97,2544
113,10896,8119,19702,0.92,918
114,3204,2586,19166,0.65,2249
115,3581,930,7657,0.54,7878
116,8675,6180,4920,0.58,1599
117,12032,9827,10345,0.56,3892
118,8347,6125,8417,0.56,3272
119,12911,10189,17160,0.76,7284
120,5643,3446,5208,0.62,2045
121,11017,9073,687,0.68,1570
122,5297,3038,16913,0.99,7022
123,3874,1850,13223,0.84,2350
124,8560,7396,8080,0.97,5553
125,3689,3157,18537,0.57,3439
126,7000,4398,9486,0.69,7694
127,14333,11774,6094,0.78,6351
128,12614,10563,7692,0.54,7173
129,3671,2452,11088,0.5,1178
130,10927,8007,3103,0.84,1488
131,4171,3188,2440,0.82,2002
132,8591,7119,7124,0.71,2289
133,14918,14112,17228,0.74,5781
134,12135,11179,14031,0.71,5527
135,9342,6635,14536,0.51,1925
136,4449,3619,446,0.67,7154
137,14929,14205,3915,0.59,2940
138,5539,3560,15787,0.55,7356
139,6959,5377,19493,0.98,7867
140,9285,8142,17618,0.8,9970
141,8432,7317,6587,0.86,3094
142,7260,6566,226,0.66,5189
143,5361,4373,11151,0.7,2936
144,9164,6460,5558,0.62,6017
145,14844,13095,11971,0.55,9719
146,6670,3711,186,0.59,6810
147,4753,3151,14680,0.9,4039
148,11100,9453,14559,0.84,3983
149,13544,11803,11069,0.77,7871
150,4938,3923,2535,0.74,2741
151,11562,9437,1932,0.96,6878
152,8976,7349,2032,0.54,3265
153,13123,12231,1252,0.64,9865
154,9588,8458,5509,0.67,5411
155,11616,9269,5074,0.89,903
156,9304,7825,13900,1.0,3882
157,10345,9412,14523,0.62,4663
158,10875,10098,1881,0.94,8130
159,12086,11354,269,0.92,587
160,9633,7581,1630,0.61,9850
161,3597,1503,17958,0.7,6316
162,6062,4449,13383,0.7,5970
163,5336,2427,16152,0.99,6776
164,12879,12354,11084,0.59,6239
165,3572,1655,1695,0.9,4773
166,10521,7707,19642,0.67,7023
167,9171,8211,14821,0.87,5503
168,10097,8506,3262,0.71,8538
169,5090,3584,1445,0.79,7106
170,9566,7072,16436,0.92,2564
171,14861,13871,9949,0.9,5815
172,7624,6052,18050,0.93,817
173,4633,3918,6901,0.53,2002
174,4517,2294,19169,0.85,6630
175,13849,11757,719,0.57,7919
176,6648,5990,8597,0.71,2542
177,14780,13595,6855,0.77,5098
178,4537,2261,18678,0.7,618
179,6137,3585,8263,0.76,1209
180,9985,7642,14520,1.0,4057
181,3097,189,11874,0.57,3750
182,14407,11612,14079,0.84,8561
183,6750,4661,17082,0.7,9109
184,14349,12153,7243,0.57,3103
185,11535,8566,9018,0.58,1601
186,11174,8728,16732,0.97,4921
187,11103,8541,12100,0.94,8357
188,8413,6768,16691,0.95,8677
189,7666,4842,19800,1.0,6582
190,3610,1529,4820,0.6,7158
191,4727,1734,11001,0.68,2761
192,13482,10725,13907,0.83,8521
193,4854,2005,19942,0.74,1008
194,13800,11368,11669,0.71,2879
195,8055,5798,15916,0.68,9379
196,13271,10721,10878,0.8,5252
197,5324,3835,2985,0.79,9984
198,12369,10328,8112,0.58,5995
199,12283,10667,8467,0.74,3709
200,8774,7782,18931,0.78,7898
201,9519,8400,336,0.79,7243
202,13983,11105,10165,0.61,6148
203,4749,1869,19363,0.87,5671
204,13867,11270,12768,0.51,8390
205,3781,1735,3968,0.68,824
206,10548,9186,910,0.89,4057
207,14240,12049,18380,0.78,4087
208,9823,7718,15632,0.63,651
209,5105,2286,16279,0.85,1454
210,6867,5788,3129,0.78,4854
211,10193,7803,5447,0.9,7660
212,7976,6201,6129,0.87,9883
213,5113,2758,5850,0.81,1187
214,8879,5886,7446,0.74,9001
215,6970,5115,11949,0.57,3627
216,13183,11521,8519,0.63,7263
217,12259,11403,314,0.71,3895
218,10264,8140,11737,0.8,9505
219,4577,1756,1134,0.76,1345
220,12203,9697,10938,0.64,1664
221,5274,2416,15588,0.5,6404
222,7869,6500,8347,0.75,5860
223,13006,11621,5592,0.64,854
224,9744,7243,18108,0.87,2372
225,5426,2725,19727,0.51,2524
226,8546,6633,17270,0.79,3317
227,9852,8069,10997,0.97,4332
228,5551,4432,721,0.59,8757
229,9411,8029,9104,0.74,3081
230,14849,13553,19741,0.55,9822
231,3007,335,870,0.81,2986
232,11087,9291,6751,0.78,9526
233,5555,4437,16881,0.7,8918
234,3475,1141,1756,0.76,2943
235,8416,7672,1117,0.95,9419
236,13403,10406,11601,0.6,1536
237,11676,10247,2828,0.51,9184
238,10239,8469,14996,0.93,7935
239,9710,8691,18031,0.79,2048
240,8000,5091,13878,0.95,9835
241,7654,7147,6992,0.8,5565
242,11078,8559,13778,0.91,6996
243,9063,8069,6771,0.71,6683
244,5285,3156,16526,0.87,4457
245,8223,6661,19145,0.96,3907
246,9971,9285,3435,0.79,1139
247,6525,4148,6622,0.59,672
248,14531,11891,12852,0.63,6166
249,5822,5237,14806,0.6,4854
250,7943,7307,10623,0.62,4459
251,9530,6562,1848,0.65,9208
252,14116,11495,2696,0.78,9214
253,3258,1122,1717,0.79,3386
254,3282,564,19456,0.71,2664
255,4898,2647,9259,0.81,4445
256,7135,4418,2786,0.54,5735
257,9629,7342,14154,0.54,8246
258,14168,12797,13409,0.59,3090
259,13459,10590,3791,0.76,8254
260,6200,4757,3871,0.61,5434
261,8110,5984,1806,0.64,4576
262,10167,9319,17888,0.7,5685
263,3612,1436,19692,0.91,1593
264,3687,1991,13304,0.51,4380
265,6690,6181,18074,0.82,7059
266,11804,9843,15549,0.83,3285
267,5307,4141,3303,0.9,6565
268,10133,8111,19497,0.97,7039
269,14205,11529,16061,0.51,2074
270,9509,8409,15198,0.58,6176
271,12973,12147,17888,0.94,8560
272,8906,7427,10655,0.73,4490
273,5591,2640,8924,0.78,5710
274,13888,12760,9940,0.83,5345
275,10183,8054,3924,0.84,9785
276,8248,7475,9783,0.97,1689
277,11766,10582,4485,1.0,3189
278,13102,12487,12629,0.86,4595
279,8108,6748,13233,0.64,2375
280,6604,4101,12901,0.94,8268
281,3669,2477,191,0.52,3906
282,7364,5759,4917,0.62,4432
283,10329,7458,5831,0.95,8740
284,4283,1622,10160,0.63,5908
285,3923,1631,13682,0.61,4361
286,4125,3472,12391,0.57,7906
287,4529,2129,1874,0.93,3333
288,12786,10859,9062,0.75,5785
289,11438,9649,4763,0.84,8145
290,6711,5897,10234,0.62,9523
291,11004,9440,9221,0.88,5277
292,12752,12148,11410,0.88,3235
293,9274,6850,14519,0.66,8773
294,13592,11179,1051,0.71,8778
295,13435,11719,12225,0.6,6868
296,6864,4940,9765,0.99,1321
297,13131,10230,11382,0.82,8025
298,10833,8561,12580,0.97,662
299,14261,11801,11989,0.65,8277
300,9788,7685,11939,0.89,2432
301,3226,2018,18489,0.88,4035
302,14739,13589,307,0.85,6456
303,3264,1818,3359,0.98,3946
304,12587,11427,3176,0.7,3290
305,14749,12103,1251,0.57,3207
306,3645,816,5366,0.84,8459
307,10544,7594,17901,0.86,4433
308,8569,6937,6226,0.79,3885
309,5990,4791,14330,0.6,7136
310,13091,10345,4891,0.75,1422
311,5504,2966,4992,0.66,8589
312,13964,11090,1961,0.71,1064
313,12346,9645,12497,0.82,3758
314,3587,2536,19247,0.87,3000
315,13013,12109,10848,0.62,5066
316,12177,11216,13255,0.7,9679
317,7079,4400,4567,0.63,7381
318,6348,4975,16079,0.6,4136
319,9299,8716,6513,0.89,6530
320,6831,4909,15235,0.95,723
321,12433,11713,11755,0.69,6797
322,11381,9490,11151,0.88,850
323,12172,11561,16567,0.95,7814
324,12890,11776,3358,0.92,2428
325,4715,2634,9590,0.59,8243
326,13785,12811,10988,0.98,9040
327,9450,7037,7678,0.69,5232
328,8433,7663,5698,0.67,1517
329,4098,1130,1273,0.53,2726
330,10096,7676,11241,0.74,7706
331,5326,3436,17480,0.55,7670
332,14439,13900,9497,0.62,6707
333,12087,9605,9107,0.66,2919
334,9416,6680,11273,0.9,6740
335,9980,8487,8002,0.94,2393
336,9763,7251,4247,0.65,5822
337,4674,3885,9220,0.93,8218
338,14101,11121,19738,0.93,7378
339,10950,10172,10703,0.88,1625
340,12122,11042,15472,0.57,3617
341,11915,10553,16654,0.85,4661
342,14132,13379,17570,0.97,4542
343,9049,8369,12392,0.84,4933
344,4089,2909,11956,0.67,9138
345,7578,6254,15641,0.75,3158
346,12127,10928,13998,0.82,3983
347,13487,11638,6305,0.76,3444
348,3155,1275,18782,0.56,7710
349,12262,10089,12721,0.66,8153
350,4958,2020,6995,0.9,9287
351,13693,11555,12427,0.93,2486
352,9344,6887,13782,0.57,1574
353,8779,8068,2230,0.98,4805
354,9144,7106,6511,0.66,3507
355,8063,7180,16512,0.83,1469
356,6830,4616,9461,0.88,9272
357,12046,11205,4765,0.91,3324
358,11831,9493,13272,0.97,1711
359,13430,10943,5552,0.66,729
360,12794,11451,627,0.93,4784
361,9659,7625,11989,0.57,3685
362,3441,2522,13780,0.85,1001
363,9040,6552,6589,0.87,548
364,8925,6493,2044,0.84,4066
365,10358,8009,13171,0.63,3555
366,7628,6823,18725,0.94,9380
367,9370,8002,5884,0.58,886
368,12528,10893,8185,0.53,1469
369,14892,12958,249,0.86,9697
370,3948,3243,19309,0.74,6320
371,14565,13570,17358,0.92,3552
372,11179,8770,9175,0.69,7897
373,9115,7570,16260,0.58,2802
374,3459,2747,2672,0.92,2783
375,10568,9759,7279,0.77,4866
376,7646,5155,8662,0.59,622
377,3392,2621,1987,0.86,7299
378,4787,2465,16474,0.76,9972
379,10374,7795,12948,0.8,4227
380,13449,12507,13026,0.73,8950
381,4138,1429,2773,0.91,9639
382,7741,6988,13159,0.91,5458
383,10418,9398,9878,0.85,1024
384,9362,7886,10178,0.55,9579
385,5454,4945,10377,0.92,8899
386,12658,10575,7347,0.84,648
387,6674,3691,1008,0.85,8501
388,4377,2743,3783,0.68,937
389,9701,9049,4298,0.94,4249
390,5597,3439,4668,0.86,8686
391,3141,785,2052,0.56,4953
392,5659,3945,1716,0.7,5836
393,7596,5344,310,0.94,5051
394,12031,10427,14391,0.52,3323
395,14810,13416,1260,0.98,6228
396,8661,7050,13157,0.84,9177
397,9142,8539,11460,0.82,8891
398,8626,6212,16968,0.64,2482
399,11787,10281,14011,0.62,7496
400,13096,12190,2866,0.97,2811
401,11472,9571,14365,0.65,7725
402,3423,2757,5898,0.89,1104
403,9999,8991,18395,0.7,8675
404,7249,5088,6251,0.57,6285
405,4750,1890,4939,0.51,5097
406,7757,6495,4006,0.77,8259
407,4967,3787,1625,0.99,8032
408,7088,4468,10956,0.68,9240
409,7178,5514,17274,0.68,1338
410,10789,9708,6078,0.67,4315
411,5946,5185,8923,0.76,1347
412,12641,10778,3961,0.72,5209
413,8394,6563,18888,0.94,5007
414,10880,8088,8806,0.75,7075
415,13523,11485,18103,0.75,5273
416,8075,7015,13558,0.57,4968
417,13412,11813,6686,0.99,5692
418,14981,12578,1587,0.62,3820
419,10230,9556,9803,0.54,5198
420,14002,11346,17280,0.83,4811
421,4531,1801,10350,0.8,4173
422,5990,5299,18816,0.71,2064
423,10155,9591,11454,0.71,2340
424,7493,5496,15849,0.89,6558
425,12335,10268,6837,0.6,7631
426,3933,2282,1449,0.91,1226
427,4460,2023,5454,0.82,9936
428,5723,4855,9424,0.71,7197
429,13704,12354,4117,0.73,9757
430,3285,2743,8869,0.63,782
431,3264,857,10850,0.88,1581
432,13559,12982,18412,0.76,4385
433,9816,7492,14343,0.66,3381
434,14639,12846,6845,0.8,3470
435,4762,3589,4624,1.0,9844
436,14240,13040,8848,0.72,7485
437,13573,12315,16549,0.96,1447
438,13461,11038,13136,0.67,5260
439,3040,1639,589,0.53,566
440,8827,7335,19205,0.6,9328
441,11259,9568,6509,0.71,9005
442,3987,1101,7693,0.61,1064
443,10804,8064,9454,0.5,9517
444,10789,8813,16455,0.96,4170
445,8717,5887,11708,0.92,9717
446,6198,5309,12942,0.87,2751
447,8374,6875,19964,0.58,1304
448,7790,6766,16652,0.56,5131
449,10183,7828,9968,0.53,1735
450,5524,3518,2462,0.86,7220
451,12277,11119,9460,0.96,7406
452,5479,4089,1015,0.72,6516
453,12885,10904,9275,0.56,4049
454,13507,12556,13269,0.76,8438
455,8154,5179,406,0.67,4641
456,3778,1741,7384,0.69,7466
457,12777,11395,11268,0.81,5835
458,4492,3680,17369,0.86,5577
459,3660,2321,11795,0.56,6111
460,4348,3474,4485,0.52,8589
461,12491,11541,8901,1.0,3392
462,13178,12084,2618,0.62,6077
463,10851,9118,9603,0.53,4118
464,10156,9157,6928,0.59,2059
465,5044,4081,5368,0.52,7183
466,10368,9756,4621,0.7,2007
467,6516,4981,14719,0.9,2563
468,12250,9372,11126,0.67,4142
469,12168,9744,7566,0.72,2500
470,7577,6938,12306,0.84,1794
471,3727,1803,15086,0.75,4565
472,13719,12703,17387,0.93,8514
473,14328,11881,18850,0.93,2103
474,10468,7803,18323,0.5,1822
475,3342,1955,18019,0.89,6456
476,4447,2606,9890,0.73,2941
477,13571,13022,8095,0.99,1598
478,9581,9063,12719,0.74,5573
479,14851,13626,10283,0.99,9818
480,9317,6573,18279,0.88,8988
481,3526,1553,14231,0.62,4287
482,13088,12137,14698,0.77,2596
483,13265,10429,17457,1.0,2708
484,9748,8084,5184,0.93,6488
485,3405,1798,2402,0.55,675
486,10986,8048,4895,0.85,7669
487,12765,12051,11404,0.67,6514
488,6740,4691,15161,0.5,2167
489,4846,2084,9343,0.7,9367
490,4478,3851,10637,0.62,2323
491,13587,11242,1956,0.91,5647
492,3771,2512,7023,0.67,1856
493,8525,5574,14062,0.91,3572
494,11770,9455,14333,0.5,3759
495,14093,11208,3907,0.65,6699
496,3193,2333,807,0.62,1046
497,5007,3939,14031,0.62,5731
498,4185,2270,4827,0.53,8465
499,5394,2629,13699,0.59,2583
500,14190,12093,4524,0.78,2540
501,12984,10792,15193,0.65,5034
502,12302,11601,16223,0.71,2252
503,7005,4441,18668,0.69,2349
504,10429,7560,5313,0.94,3142
505,5261,4244,13598,0.95,2100
506,6736,4888,13058,0.75,4902
507,14985,13050,17141,0.67,4299
508,13128,11287,4887,0.55,1118
509,9716,8536,3854,0.98,1632
510,7875,5387,12458,0.53,5991
511,11921,9930,14536,0.65,6295
512,7378,6454,3558,0.65,8133
513,10815,8347,9772,0.66,1987
514,6451,4239,17345,0.58,8348
515,10616,7682,3575,0.89,5509
516,13332,12055,2418,0.56,2613
517,12836,10191,4198,0.82,1544
518,5800,3474,1001,0.56,2931
519,11333,10626,7119,0.54,8479
520,8410,6373,19229,0.95,2082
521,4455,2296,9673,0.6,1808
522,9892,7179,5316,0.91,5417
523,8808,8287,16244,0.77,9293
524,9796,9143,16806,0.54,2120
525,7796,5334,11873,0.98,8003
526,8093,7375,4266,0.62,5266
527,13288,12120,7549,0.93,5862
528,4325,2307,19094,0.58,5692
529,7976,5199,10589,0.93,7122
530,12405,9838,1657,0.51,6593
531,4159,2710,18925,0.76,7204
532,7650,4955,6763,0.88,600
533,7987,7085,19459,0.97,7157
534,7697,6602,3164,0.95,6375
535,3340,426,18437,0.91,4771
536,6828,4891,8479,0.94,737
537,4968,3311,5737,0.6,7726
538,3703,1461,19601,0.64,8532
539,8482,6676,17831,0.64,5718
540,13621,13049,6009,0.69,4525
541,9376,8396,16991,0.7,6573
542,4800,3741,4552,0.77,3042
543,8463,7219,18148,0.58,2037
544,7912,5946,9417,0.85,1254
545,7648,7049,9221,0.58,7896
546,3855,2273,2671,0.66,8323
547,13004,10199,6519,0.75,6007
548,5866,4954,3962,0.9,4735
549,14834,13246,12734,0.87,1040
550,3182,1505,13122,0.82,6010
551,6112,3604,19561,0.58,8961
552,8670,5857,3722,0.77,8426
553,7492,6172,4906,0.54,5631
554,8823,7662,7263,0.69,9197
555,4517,3458,13699,0.71,1629
556,8002,6231,11088,0.52,3645
557,4356,2043,808,0.64,9053
558,13366,12257,9170,0.98,4220
559,6629,3668,16260,0.98,4567
560,6628,6104,17109,0.68,4695
561,14431,11903,10693,0.52,9744
562,14883,14100,7701,0.59,7781
563,11210,9238,17600,0.7,3009
564,14595,13795,18581,0.97,5516
565,14196,12605,14191,0.57,7033
566,9132,7602,19190,0.88,5227
567,12324,11008,17356,0.55,1181
568,14531,13949,13704,0.99,4432
569,9588,7168,2123,0.69,6060
570,6311,3718,11533,0.89,4516
571,9048,7931,16608,0.67,7839
572,14564,11755,14448,0.81,1219
573,9246,8571,14586,0.6,574
574,3987,2298,1814,0.57,9985
575,6321,4980,13001,0.97,4657
576,7615,6746,17490,0.96,9011
577,11365,9047,16508,0.94,2649
578,6741,4140,19630,0.81,7213
579,6052,4863,13380,0.9,4707
580,9574,7295,15406,0.53,7641
581,3726,1862,2931,0.67,9152
582,6760,4828,13567,0.66,9578
583,8806,7940,14038,0.82,4436
584,4875,3732,12317,0.68,9807
585,9993,7067,2971,0.57,1575
586,7033,6461,2017,0.8,4376
587,8443,6672,2415,0.91,5115
588,3989,2630,19480,0.69,7765
589,6744,6202,1609,0.57,6879
590,13878,10954,717,0.6,9618
591,11611,10047,19945,0.62,5152
592,3593,876,12662,0.65,7292
593,4774,2015,6782,0.82,9747
594,13651,11635,1048,0.8,7956
595,3935,1349,11618,0.85,5174
596,6808,5940,8307,0.68,1041
597,3331,2681,7905,0.91,2661
598,14641,13007,9993,0.6,2751
599,10922,8919,10338,0.73,9744
600,5702,3743,5578,0.9,5069
601,8889,7319,13834,0.59,3244
602,8054,6531,18004,0.55,6541
603,6868,4770,6548,0.94,5175
604,7200,4660,7381,0.67,2060
605,3201,1312,2941,0.84,1664
606,5497,4929,5695,0.51,5919
607,4842,1996,6401,0.85,3222
608,13058,11615,15179,0.66,970
609,13188,11887,14456,0.53,1968
610,12101,9258,13097,0.8,8425
611,7658,4908,6197,0.62,1308
612,14381,13821,5450,0.69,8863
613,10544,9099,17937,0.54,7219
614,10718,8881,17396,0.57,5573
615,3770,2086,8378,0.65,8512
616,6155,5325,1881,0.54,2145
617,13693,11642,6799,0.96,8749
618,13906,13069,14597,0.5,1629
619,14777,12648,13675,0.74,1853
620,4628,2801,4586,0.56,1267
621,3386,1360,8430,0.65,4395
622,9031,6858,2345,0.96,9374
623,14613,12752,16459,0.58,3954
624,9439,7366,9548,0.98,7829
625,9401,8627,5877,0.6,2290
626,7008,5321,6785,0.87,1385
627,5466,2600,15833,0.77,8234
628,5282,2348,4922,0.94,4406
629,4856,2363,18714,0.78,4992
630,10980,9611,4686,0.77,2573
631,4998,3484,14407,0.6,812
632,8476,6065,18286,0.58,6769
633,12428,11326,12205,0.96,5817
634,7669,5370,13179,0.66,1310
635,12342,11152,18443,0.69,7341
636,7318,6325,16524,0.88,2532
637,10064,9075,18173,0.67,7629
638,10446,9557,16,0.98,3205
639,4431,3637,13374,0.87,9288
640,8624,6732,16848,0.8,2647
641,10461,8244,18211,0.94,1115
642,4819,3671,5956,0.52,1447
643,13516,11143,16473,0.63,6177
644,4130,3063,4815,0.73,5151
645,9563,8619,19235,0.61,8366
646,5658,4796,2843,0.87,2513
647,6500,3830,15972,0.96,4197
648,11566,9855,17353,0.71,990
649,5120,3879,1094,0.67,4850
650,7020,4479,6124,0.98,2928
651,13213,12034,19579,0.72,5487
652,14897,11930,1404,0.74,9233
653,6259,4117,3982,0.68,9979
654,14627,12555,12515,0.95,5420
655,13081,11223,15790,0.78,3426
656,4823,2184,12205,0.88,7782
657,4474,3912,12748,0.91,4876
658,5242,3580,3092,0.67,9990
659,6243,4515,13971,0.72,5368
660,9990,9235,14616,0.92,7486
661,8160,7526,4933,0.68,7362
662,6134,4760,4926,0.9,4923
663,5070,3749,3969,0.97,7370
664,3359,724,2965,0.81,8659
665,13233,11911,4319,0.87,2573
666,4141,2668,8975,0.9,6670
667,4635,2358,7108,0.92,1201
668,7000,6380,9141,0.7,8613
669,13135,10998,16428,0.53,7325
670,6361,4497,1810,0.7,8367
671,9583,8076,10273,0.84,4764
672,10835,9411,9021,0.73,8468
673,14172,13028,18293,0.87,8646
674,3006,474,6364,0.68,8276
675,6267,3699,2581,0.82,9058
676,9564,8823,691,0.59,9219
677,12783,9933,931,0.87,5386
678,7928,5809,13128,0.77,4435
679,14456,13154,14226,0.6,5119
680,5606,4143,13861,0.65,5691
681,14411,13843,15475,0.87,7375
682,8906,7254,3406,0.74,8356
683,6273,5578,8339,0.61,5901
684,10611,7924,17416,0.98,3522
685,3913,1083,17695,0.86,6238
686,5011,2152,8579,0.98,6484
687,4442,3197,3121,0.71,2270
688,8546,6358,18257,0.74,9489
689,14246,13470,15946,0.95,3715
690,14738,14178,3748,0.76,7194
691,14120,11707,277,0.85,3476
692,4829,2230,18243,0.63,4237
693,11767,9067,11563,0.72,1252
694,9468,7196,6792,0.56,1892
695,3929,2095,13918,0.6,7289
696,14951,12614,10374,0.5,1177
697,6699,5633,4675,0.52,605
698,12655,10584,1170,0.99,5253
699,14467,13346,8681,0.62,2446
700,4054,1529,10717,0.83,6044
701,8744,7044,12450,0.92,1595
702,4900,4087,10680,0.78,7485
703,12649,10005,10068,0.58,2282
704,9980,8244,2462,0.86,5041
705,10069,9433,13650,0.8,3757
706,12591,11062,287,0.87,6713
707,6415,3759,18291,0.88,5369
708,3442,2281,1161,0.99,2061
709,14842,11870,16513,0.79,4506
710,9218,6410,2363,0.67,9814
711,7652,7066,5983,0.82,4481
712,10939,8316,16527,0.53,9993
713,10833,7872,8207,0.95,6182
714,12370,10562,14758,0.56,6282
715,10597,8397,244,0.66,1443
716,7458,6464,17310,0.91,5050
717,9591,7444,3178,0.8,9637
718,12449,10007,2176,0.7,1100
719,14826,13258,5002,0.74,6876
720,13033,11109,886,0.93,2024
721,5309,4213,19782,0.67,4266
722,9268,8319,13721,0.93,750
723,3910,2926,12142,0.54,578
724,7340,6195,2654,0.89,3623
725,7009,4880,11984,0.92,9589
726,9628,8467,17755,0.59,7564
727,5169,3912,7135,0.72,8917
728,5172,4384,320,0.58,1709
729,8668,7448,4654,0.85,5653
730,9313,8176,16131,0.77,5398
731,11315,8533,10770,0.82,2678
732,11036,8073,6553,0.6,8110
733,14350,13352,11559,0.61,9395
734,9789,8656,9009,0.52,3044
735,3785,1612,13482,0.66,6022
736,9139,6609,7498,0.78,2870
737,9344,8730,6636,0.93,3781
738,5416,4243,7362,0.83,5210
739,11988,9752,16395,0.72,828
740,7154,5397,16578,0.98,6079
741,8619,5866,2537,0.86,4728
742,4936,2142,19226,0.97,7294
743,13348,12702,15216,0.76,620
744,6807,4142,18613,0.63,7249
745,10151,9240,3009,0.53,1464
746,12493,10306,14209,0.86,4724
747,14332,11422,15675,0.56,4175
748,6236,4204,15029,0.65,6194
749,5352,4716,2077,0.77,2576
750,4932,4414,13907,0.78,7365
751,13913,11171,3867,0.8,6143
752,11556,8679,16152,0.58,9024
753,7916,5457,4873,0.69,5749
754,8498,5776,8635,0.81,1816
755,13582,12081,297,0.98,1696
756,3946,2998,13095,0.86,3670
757,12569,10121,9036,0.96,855
758,4439,2994,1015,0.88,528
759,14372,12495,1384,0.8,1513
760,10730,8708,8745,0.6,9519
761,7857,7217,18734,0.83,2524
762,3340,920,17653,0.81,8990
763,14181,13589,1260,0.8,6339
764,3382,2644,7701,0.74,6291
765,12748,12044,10401,0.76,1254
766,11491,9535,15519,0.67,9461
767,3138,2394,11864,0.76,4235
768,3358,2027,15681,0.6,1738
769,7931,7137,5543,0.9,2406
770,12714,11359,18265,0.59,7899
771,6456,3892,12488,0.54,8461
772,4627,4057,10079,0.72,9910
773,12495,10703,10744,0.83,5101
774,9626,7778,3809,0.72,1960
775,8004,7200,7206,0.64,8169
776,12326,10796,13746,0.78,1916
777,13378,11541,15995,0.67,8266
778,9652,8336,16035,0.97,1928
779,9416,7790,11671,0.96,4878
780,6170,4850,13210,0.75,8029
781,6835,6143,17793,0.66,4974
782,11017,8741,5197,0.87,3571
783,5151,4123,15553,0.52,1055
784,12429,9711,7452,0.74,9047
785,14927,14177,8718,0.67,2063
786,9905,7617,14859,0.96,1540
787,5834,3308,2172,0.51,3186
788,12190,9227,13158,0.78,3053
789,5567,3664,16663,0.87,2279
790,4307,2640,19053,0.74,575
791,11848,9276,11085,0.54,4826
792,5660,4064,3981,0.99,6335
793,13403,11056,5247,0.76,5557
794,13101,12097,10553,0.81,2849
795,6730,4609,6135,0.62,3273
796,13238,10355,5573,0.74,2762
797,9207,6235,13731,0.71,3729
798,6162,4275,7189,0.54,892
799,4140,2418,14541,0.55,1608
800,11458,10241,10878,0.92,4862
801,13037,12199,11087,0.62,5688
802,4708,3550,13667,0.6,9302
803,6630,5169,2776,0.75,5557
804,6211,5283,9311,0.88,4498
805,13485,12087,7697,0.53,9364
806,14924,14286,14629,0.79,7066
807,9538,8497,8386,0.56,4177
808,12702,10098,17046,0.52,6296
809,3475,1720,8044,0.53,6863
810,10684,7702,9615,0.92,8623
811,12168,11285,15034,0.56,8722
812,4207,3514,5060,0.52,8190
813,4960,2228,10900,0.72,1900
814,3557,1162,5581,0.92,4571
815,3882,1043,2014,0.63,9308
816,13386,12155,12997,0.71,3286
817,7761,5098,10635,0.52,7669
818,13859,12675,13648,0.72,1370
819,8867,8286,7148,0.79,4696
820,9963,7083,18748,0.79,3239
821,10166,7284,14022,0.67,1440
822,10929,9898,5919,0.66,840
823,8347,5864,15886,0.55,7922
824,10269,9549,6638,0.68,4633
825,12802,11668,4651,0.55,1159
826,14680,12411,609,0.88,3957
827,11125,8255,7940,0.98,3475
828,5454,3080,10348,0.99,9741
829,7494,6992,3866,0.93,953
830,4946,2729,16755,0.8,8684
831,5808,5103,16999,0.85,5942
832,9642,7287,2253,0.64,1318
833,6825,6286,4942,0.82,5368
834,6536,3930,12330,0.73,512
835,9068,7925,864,0.74,8227
836,6802,4772,1268,0.88,1420
837,7699,5292,7454,0.64,5420
838,4970,2327,13666,0.66,2918
839,8806,7409,12370,0.96,6975
840,9142,7557,5229,0.53,2517
841,5819,4040,16309,0.74,8457
842,12094,9199,18621,0.96,9920
843,3364,2194,4054,0.81,5292
844,7258,5253,935,0.77,7330
845,6119,3255,12172,0.62,2934
846,13750,12532,10530,0.67,3368
847,4863,3292,15560,0.93,1938
848,3115,660,16156,0.78,4043
849,10084,8425,16709,0.76,2281
850,11016,10267,9726,0.55,6843
851,5384,2523,7774,0.51,2763
852,6935,4543,1985,0.98,711
853,10742,8389,14252,0.69,9199
854,8442,6439,4603,0.8,6659
855,5490,3756,19162,0.54,7527
856,9980,9437,15960,0.84,831
857,12134,11052,9462,0.97,7360
858,10661,8873,14166,0.79,8544
859,4724,4005,7754,0.56,8669
860,13526,11101,14246,0.79,9242
861,11182,8234,4078,0.88,6220
862,5767,4277,12853,0.7,9633
863,4137,1825,17751,0.94,1227
864,13719,12362,4042,0.82,5475
865,7117,5814,16284,0.95,3743
866,6420,5431,14389,0.81,1148
867,8845,6565,2575,0.57,5595
868,7778,5785,6754,0.65,7114
869,6906,4701,17965,0.6,7635
870,6637,3823,1986,0.95,1509
871,5953,5400,18624,0.88,2050
872,8929,7814,15470,0.84,9495
873,13559,11977,5968,0.65,7992
874,3276,928,7493,0.59,3901
875,4999,3545,4103,0.88,7947
876,4227,1294,2076,0.74,5924
877,9337,7208,2994,0.61,4741
878,14944,13795,3744,0.81,3661
879,6735,3888,14466,0.52,4655
880,3695,2801,14523,0.66,7978
881,12501,10642,5594,0.73,9219
882,7152,4209,7531,0.57,9715
883,10901,10031,7371,0.99,7117
884,10470,9113,14547,0.6,6160
885,14426,13136,18028,0.57,9124
886,10537,9380,3144,0.6,1676
887,13503,11611,13990,0.88,8456
888,5841,4958,14083,0.71,9092
889,7208,4599,16626,0.78,2733
890,14751,14013,7954,0.51,5200
891,14590,13896,7269,0.52,6406
892,11733,9125,7130,0.72,8360
893,13886,12234,6828,0.91,8026
894,4088,1573,8844,0.94,6059
895,6363,5708,14220,0.54,7232
896,3024,1602,6331,0.77,3013
897,12764,10655,19896,0.96,8330
898,9144,7670,13397,0.69,7444
899,14150,12420,17883,0.91,8410
900,8668,5733,10291,0.57,6149
901,7236,4922,18542,0.97,1596
902,12959,11622,10164,0.88,9620
903,11068,8561,10450,0.97,2451
904,5235,3372,2035,0.84,9686
905,10295,7408,11463,0.68,8299
906,11392,10689,7977,0.97,9304
907,14390,13730,17241,0.64,1095
908,11448,10557,12182,0.67,8375
909,6747,5479,298,0.85,9533
910,13433,11840,923,0.88,4939
911,6175,5271,13331,0.96,6472
912,14798,13691,19183,0.6,1358
913,14528,12414,6578,0.9,6019
914,7897,5857,4875,0.87,7885
915,8037,5700,12254,0.53,9136
916,10427,9238,18186,0.69,4817
917,11605,9865,10905,0.64,3954
918,5014,2411,13353,0.65,1530
919,4381,3516,15882,0.99,9987
920,4098,1876,19041,0.82,8406
921,6426,5472,19730,0.86,1947
922,6655,6052,9663,0.99,3350
923,10938,10362,19333,0.69,8606
924,12101,11372,941,0.9,7651
925,3187,750,1907,0.72,7452
926,14948,12070,4837,0.93,4555
927,13207,11502,13680,0.59,5902
928,8409,7017,17627,0.97,9781
929,5092,3019,5696,0.61,2172
930,14836,12262,16226,0.66,5032
931,5130,2955,13543,0.88,5424
932,8242,7444,12615,0.7,6585
933,11549,10093,1466,0.8,8234
934,8647,7033,18350,0.72,5364
935,8185,6211,375,0.87,9816
936,8776,7912,262,0.61,1721
937,13614,11416,11580,0.53,3360
938,10913,10063,10136,0.65,8928
939,10547,7747,7833,0.74,9836
940,10823,8419,1893,0.58,3753
941,10355,8844,8106,0.68,4282
942,9465,8467,11826,0.7,7457
943,4497,3048,1652,0.53,1266
944,13350,10856,599,0.79,3181
945,5555,3009,18296,0.94,8210
946,8409,7402,8792,0.58,7982
947,13534,11707,3637,0.8,5586
948,5951,5286,10355,0.83,8464
949,4238,2819,15989,0.71,3165
950,12165,11552,9290,0.85,4013
951,7727,6236,5599,0.71,995
952,6965,4514,14342,0.75,6322
953,8686,5932,13945,0.5,2572
954,12242,10484,10762,0.85,8295
955,6701,5687,14312,0.83,9029
956,5780,4049,7382,0.52,4449
957,10398,9190,8982,0.68,6533
958,4588,1903,19953,0.99,8828
959,5368,4530,7707,0.71,3055
960,8789,8222,17130,0.75,6870
961,3436,1340,4633,0.95,4915
962,5828,3764,17304,0.86,6459
963,4556,3674,9269,0.79,9607
964,10570,10052,13778,0.9,6493
965,10480,7859,7008,0.93,5521
966,12496,11424,15523,0.73,3407
967,13576,11777,18765,0.74,3414
968,3182,424,3618,0.69,4370
969,10190,7747,272,0.98,9690
970,9687,8537,13007,0.85,5585
971,8565,6420,18157,0.54,7046
972,10241,8748,2547,0.93,895
973,10651,8813,3164,0.74,1438
974,8575,7175,14414,0.53,3010
975,4589,2405,14327,0.77,5136
976,12779,10694,15576,0.71,2149
977,11851,9428,946,0.94,4190
978,3159,878,14693,0.6,3935
979,9555,7919,16890,0.91,3701
980,12203,9486,15540,0.78,4679
981,11244,8800,6719,0.53,8905
982,9846,8309,8435,0.99,3737
983,5307,3069,11350,0.76,4362
984,4228,3441,3590,0.65,558
985,10226,7490,10064,0.73,5438
986,8590,6500,17576,0.93,3471
987,9919,7674,17848,0.65,8814
988,8585,6987,390,0.6,9854
989,12227,9403,12668,0.56,3845
990,14894,13455,11569,0.65,2986
991,9046,7098,13029,0.89,1061
992,7945,6875,13107,0.74,4481
993,10927,9427,2560,0.61,6761
994,10016,8311,5867,0.58,2237
995,10758,9341,15284,0.67,9596
996,8086,5712,1211,0.97,4054
997,12456,11124,9121,0.67,9626
998,10161,7421,1539,0.99,7595
999,4884,2706,17027,0.74,8766
1000,4809,3694,8693,0.59,794
